<?xml version="1.0" encoding="utf-8" ?>
<!--
  Note: All names, attributes, etc. *are* Case-Sensitive

  If multiple AspectMaps with the same 'AssemblyName'  defined, they are aggregated.

  If multiple AspectDlls with the same 'TargetVersion' and 'IsDebug' are defined within an AspectMap,
  only the *last* one is recognized.
-->
<AspectMappings>
  <!-- PresentationCore Aspect DLL Mapping -->
  <AspectMap TargetAssembly="PresentationCore">
    <AspectDll TargetVersion="3.0.6920.0"
               AssemblyPath="PresentationCoreAspect_3_0_6920_0.dll"
               IsDebug="false" />
    <AspectDll TargetVersion="3.0.6920.1109"
               AssemblyPath="PresentationCoreAspect_3_0_6920_1109.dll"
               IsDebug="false" />
    <AspectDll TargetVersion="3.0.6920.1453"
               AssemblyPath="PresentationCoreAspect_3_0_6920_1453.dll"
               IsDebug="false" />
  </AspectMap>

  <!-- PresentationFramework Aspect DLL Mapping -->
  <AspectMap TargetAssembly="PresentationFramework">
  </AspectMap>

  <!-- WindowsBaseAspect Aspect DLL Mapping -->
  <AspectMap TargetAssembly="WindowsBase">
    <AspectDll TargetVersion="3.0.6920.0"
               AssemblyPath="WindowsBaseAspect_3_0_6920_0.dll"
               IsDebug="false" />
    <AspectDll TargetVersion="3.0.6920.1109"
               AssemblyPath="WindowsBaseAspect_3_0_6920_1109.dll"
               IsDebug="false" />
    <AspectDll TargetVersion="3.0.6920.1453"
               AssemblyPath="WindowsBaseAspect_3_0_6920_1453.dll"
               IsDebug="false" />
  </AspectMap>
</AspectMappings>